geneID	x	y	MIDCounts
0610005C13Rik	732	10	1
0610009B22Rik	154	120	1
0610009B22Rik	566	710	1
0610009B22Rik	4	600	1
0610009B22Rik	503	906	1
0610009B22Rik	276	898	1
0610009B22Rik	657	376	2
0610009B22Rik	83	1084	1
0610009B22Rik	732	246	1
0610009B22Rik	978	128	1
0610009B22Rik	700	245	1
0610009B22Rik	445	716	2
0610009B22Rik	287	531	2
0610009B22Rik	197	8	4
0610009B22Rik	232	354	3
0610009B22Rik	416	597	1
0610009B22Rik	293	199	3
0610009B22Rik	403	779	1
0610009B22Rik	272	520	3
0610009B22Rik	287	235	1
0610009B22Rik	241	213	1
0610009B22Rik	553	686	2
0610009B22Rik	736	536	1
0610009B22Rik	1031	106	2
0610009B22Rik	131	955	2
0610009B22Rik	699	601	1
0610009B22Rik	217	624	3
0610009B22Rik	1006	911	1
0610009B22Rik	595	862	1
0610009B22Rik	716	1137	2
0610009B22Rik	757	431	2
0610009B22Rik	242	574	3
0610009B22Rik	543	462	2
0610009B22Rik	56	926	2
0610009B22Rik	463	673	1
0610009B22Rik	118	1196	1
0610009B22Rik	305	693	1
0610009B22Rik	704	670	1
0610009B22Rik	297	675	1
0610009B22Rik	1185	616	1
0610009B22Rik	500	1020	1
0610009B22Rik	851	794	1
0610009B22Rik	883	355	3
0610009B22Rik	664	783	1
0610009B22Rik	550	1073	1
0610009B22Rik	58	1103	2
0610009B22Rik	744	61	1
0610009B22Rik	624	100	1
0610009B22Rik	942	235	1
0610009B22Rik	805	699	2
0610009B22Rik	961	264	1
0610009B22Rik	179	1191	2
0610009B22Rik	772	444	2
0610009B22Rik	973	123	1
0610009B22Rik	283	28	1
0610009B22Rik	263	140	3
0610009B22Rik	696	235	1
0610009B22Rik	341	258	4
0610009B22Rik	298	916	2
0610009B22Rik	7	715	2
0610009B22Rik	611	543	2
0610009B22Rik	741	690	1
0610009B22Rik	562	1047	2
0610009B22Rik	308	582	3
0610009B22Rik	376	434	3
0610009B22Rik	580	183	4
0610009B22Rik	69	767	2
0610009B22Rik	285	581	4
0610009B22Rik	352	713	1
0610009B22Rik	156	1063	2
0610009B22Rik	684	212	2
0610009B22Rik	834	338	2
0610009B22Rik	83	1027	1
0610009B22Rik	197	876	4
0610009B22Rik	608	507	2
0610009B22Rik	440	1119	1
0610009B22Rik	630	213	3
0610009B22Rik	498	1041	3
0610009B22Rik	476	1013	2
0610009B22Rik	955	382	3
0610009B22Rik	255	668	2
0610009O20Rik	758	152	1
0610009O20Rik	752	497	1
0610009O20Rik	819	206	1
0610009O20Rik	922	783	2
0610009O20Rik	203	977	1
0610009O20Rik	632	1104	2
0610009O20Rik	869	288	2
0610009O20Rik	362	258	1
0610009O20Rik	601	520	1
0610009O20Rik	294	829	1
0610009O20Rik	489	39	1
0610009O20Rik	487	1104	2
0610009O20Rik	218	1181	1
0610009O20Rik	465	999	1
0610009O20Rik	140	1127	2
0610009O20Rik	198	562	1
0610009O20Rik	1118	701	1
0610009O20Rik	54	667	1
0610009O20Rik	393	1006	2
0610009O20Rik	940	554	2
0610009O20Rik	982	632	1
0610009O20Rik	118	797	1
0610009O20Rik	228	802	1
0610009O20Rik	1106	540	1
0610009O20Rik	940	555	2
0610009O20Rik	487	1144	2
0610009O20Rik	581	152	2
0610009O20Rik	807	191	3
0610009O20Rik	764	530	2
0610009O20Rik	563	233	3
0610009O20Rik	450	1129	3
0610009O20Rik	47	1058	1
0610009O20Rik	861	49	1
0610009O20Rik	618	1154	2
0610009O20Rik	16	615	1
0610010F05Rik	470	826	1
0610010F05Rik	128	592	1
0610010F05Rik	649	186	2
0610010F05Rik	708	245	2
0610010F05Rik	546	351	1
0610010F05Rik	362	1004	4
0610010F05Rik	115	524	2
0610010F05Rik	892	338	2
0610010F05Rik	440	708	3
0610010F05Rik	71	1060	2
0610010F05Rik	919	825	1
0610010F05Rik	226	759	2
0610010F05Rik	89	914	2
0610010F05Rik	911	105	1
0610010F05Rik	164	695	3
0610010F05Rik	873	81	1
0610010F05Rik	103	472	2
0610010F05Rik	439	202	1
0610010F05Rik	281	114	1
0610010F05Rik	455	1041	1
0610010F05Rik	430	758	1
0610010F05Rik	763	456	2
0610010F05Rik	855	318	4
0610010F05Rik	984	173	2
0610010F05Rik	517	1124	2
0610010F05Rik	506	777	1
0610010F05Rik	473	954	1
0610010F05Rik	642	122	1
0610010F05Rik	101	1014	2
0610010F05Rik	928	644	1
0610010F05Rik	251	519	3
0610010F05Rik	809	550	2
0610010F05Rik	642	17	4
0610010F05Rik	495	238	1
0610010F05Rik	574	87	3
0610010F05Rik	134	1106	4
0610010F05Rik	364	326	3
0610010F05Rik	78	638	2
0610010F05Rik	502	498	1
0610010F05Rik	90	702	1
0610010F05Rik	1137	425	1
0610010F05Rik	1020	80	1
0610010F05Rik	752	583	1
0610010F05Rik	715	476	3
0610010F05Rik	356	195	2
0610010F05Rik	585	1054	1
0610010F05Rik	782	304	3
0610010F05Rik	748	325	4
0610010F05Rik	703	1	2
0610010F05Rik	171	685	2
0610010F05Rik	835	460	1
0610010F05Rik	799	293	4
0610010F05Rik	85	205	4
0610010F05Rik	883	267	2
0610010F05Rik	946	135	2
0610010F05Rik	457	1086	1
0610010F05Rik	300	742	4
0610010F05Rik	1035	608	1
0610010F05Rik	860	441	4
0610010F05Rik	331	786	2
0610010F05Rik	860	1154	1
0610010F05Rik	59	1146	2
0610010F05Rik	1064	904	4
0610010F05Rik	596	640	1
0610010F05Rik	756	182	1
0610010F05Rik	448	524	2
0610010F05Rik	604	743	1
0610010F05Rik	236	825	1
0610010F05Rik	1115	815	2
0610010F05Rik	1049	363	1
0610010F05Rik	102	1117	3
0610010F05Rik	137	932	1
0610010F05Rik	1118	347	1
0610010K14Rik	156	822	4
0610010K14Rik	712	448	2
0610010K14Rik	263	145	2
0610010K14Rik	941	197	1
0610010K14Rik	715	341	1
0610010K14Rik	70	1045	1
0610010K14Rik	484	1068	1
0610010K14Rik	1140	538	1
0610010K14Rik	114	1068	1
0610010K14Rik	97	175	4
0610010K14Rik	304	420	1
0610010K14Rik	204	880	1
0610010K14Rik	349	312	1
0610010K14Rik	1184	968	3
0610010K14Rik	868	267	3
0610010K14Rik	74	812	2
0610010K14Rik	609	57	2
0610010K14Rik	1075	883	1
0610010K14Rik	116	770	2
0610010K14Rik	648	375	2
0610010K14Rik	740	479	3
0610010K14Rik	1051	1094	1
0610010K14Rik	472	1194	1
0610010K14Rik	857	1134	1
0610010K14Rik	1177	283	1
0610010K14Rik	393	160	2
0610010K14Rik	518	937	1
0610010K14Rik	1070	52	3
0610010K14Rik	969	14	2
0610010K14Rik	493	982	1
0610010K14Rik	286	1080	1
0610010K14Rik	524	251	1
0610010K14Rik	211	441	4
0610010K14Rik	85	1109	3
0610010K14Rik	836	311	3
0610010K14Rik	234	619	1
0610010K14Rik	253	1141	3
0610010K14Rik	630	219	2
0610010K14Rik	116	951	4
0610010K14Rik	704	426	3
0610010K14Rik	270	682	3
0610010K14Rik	16	579	1
0610010K14Rik	915	102	4
0610010K14Rik	934	462	2
0610010K14Rik	186	873	1
0610010K14Rik	288	642	3
0610010K14Rik	368	838	4
0610010K14Rik	156	895	1
0610010K14Rik	207	876	2
0610010K14Rik	159	137	3
0610010K14Rik	299	104	2
0610010K14Rik	381	881	2
0610010K14Rik	69	1012	3
0610010K14Rik	868	436	1
0610010K14Rik	466	1111	1
0610010K14Rik	506	1009	3
0610010K14Rik	209	873	1
0610010K14Rik	421	390	3
0610010K14Rik	17	1157	3
0610010K14Rik	847	50	1
0610010K14Rik	1162	463	1
0610010K14Rik	545	954	3
0610010K14Rik	396	1005	3
0610010K14Rik	937	1026	3
0610010K14Rik	1006	827	1
0610010K14Rik	47	630	1
0610010K14Rik	924	621	1
0610010K14Rik	1090	469	2
0610010K14Rik	127	841	2
0610010K14Rik	372	201	1
0610010K14Rik	333	201	1
0610012G03Rik	82	1167	1
0610012G03Rik	166	1023	1
0610012G03Rik	1155	830	1
0610012G03Rik	941	830	1
0610012G03Rik	867	834	1
0610012G03Rik	111	537	1
0610012G03Rik	358	111	1
0610012G03Rik	899	32	1
0610012G03Rik	492	238	2
0610012G03Rik	198	761	2
0610012G03Rik	370	916	1
0610012G03Rik	516	870	1
0610012G03Rik	253	900	3
0610012G03Rik	401	103	4
0610012G03Rik	304	286	2
0610012G03Rik	605	906	2
0610012G03Rik	97	1112	1
0610012G03Rik	143	702	3
0610012G03Rik	2	1067	1
0610012G03Rik	269	381	1
0610012G03Rik	843	76	2
0610012G03Rik	824	225	1
0610012G03Rik	603	226	1
0610012G03Rik	751	572	1
0610012G03Rik	397	226	2
0610012G03Rik	364	195	1
0610012G03Rik	383	323	1
0610012G03Rik	642	1143	1
0610012G03Rik	306	20	2
0610012G03Rik	223	630	1
0610012G03Rik	1104	983	3
0610012G03Rik	387	1107	4
0610012G03Rik	332	546	1
0610012G03Rik	271	805	2
0610012G03Rik	238	1117	4
0610012G03Rik	160	766	1
0610012G03Rik	953	743	1
0610012G03Rik	806	246	1
0610012G03Rik	222	918	3
0610012G03Rik	513	90	1
0610012G03Rik	182	1100	1
0610012G03Rik	838	268	1
0610012G03Rik	516	680	1
0610012G03Rik	941	281	1
0610012G03Rik	468	112	1
0610012G03Rik	909	155	2
0610012G03Rik	790	934	4
0610012G03Rik	236	488	1
0610012G03Rik	1083	725	2
0610012G03Rik	781	560	2
0610012G03Rik	809	967	1
0610012G03Rik	419	1050	1
0610012G03Rik	458	1008	1
0610012G03Rik	694	862	1
0610012G03Rik	470	376	1
0610012G03Rik	881	325	2
0610012G03Rik	854	84	1
0610012G03Rik	218	581	1
0610012G03Rik	285	46	1
0610012G03Rik	658	151	4
0610012G03Rik	897	455	4
0610012G03Rik	804	87	1
0610012G03Rik	120	585	2
0610012G03Rik	818	833	4
0610012G03Rik	65	374	2
0610012G03Rik	522	485	1
0610012G03Rik	223	589	1
0610012G03Rik	312	760	2
0610012G03Rik	387	975	2
0610012G03Rik	316	1139	1
0610012G03Rik	665	747	1
0610012G03Rik	262	638	2
0610012G03Rik	334	667	1
0610012G03Rik	75	347	1
0610012G03Rik	766	260	1
0610012G03Rik	464	1161	2
0610012G03Rik	382	362	1
0610012G03Rik	890	614	2
0610012G03Rik	571	440	1
0610012G03Rik	270	76	1
0610012G03Rik	168	704	1
0610012G03Rik	46	497	1
0610012G03Rik	1066	466	1
0610012G03Rik	689	283	1
0610012G03Rik	48	580	1
0610012G03Rik	118	722	1
0610012G03Rik	1031	186	2
0610012G03Rik	366	585	1
0610012G03Rik	51	1105	1
0610012G03Rik	964	977	1
0610012G03Rik	863	176	2
0610012G03Rik	766	759	1
0610012G03Rik	248	1038	1
0610012G03Rik	567	80	4
0610012G03Rik	574	632	1
0610012G03Rik	1018	44	1
0610012G03Rik	1084	227	1
0610012G03Rik	842	303	1
0610012G03Rik	522	41	2
0610012G03Rik	680	1105	2
0610012G03Rik	536	660	1
0610012G03Rik	555	459	1
0610012G03Rik	790	373	1
0610012G03Rik	893	986	1
0610012G03Rik	626	543	1
0610012G03Rik	362	694	3
0610012G03Rik	1181	1144	1
0610012G03Rik	337	426	1
0610012G03Rik	69	470	3
0610012G03Rik	300	497	1
0610012G03Rik	587	813	1
0610012G03Rik	549	202	1
0610012G03Rik	451	816	1
0610012G03Rik	12	143	1
0610012G03Rik	114	120	1
0610012G03Rik	979	840	1
0610012G03Rik	720	585	1
0610012G03Rik	470	295	1
0610012G03Rik	166	155	1
0610012G03Rik	635	546	4
0610012G03Rik	398	801	2
0610012G03Rik	946	264	1
0610012G03Rik	659	1182	3
0610012G03Rik	542	1014	3
0610012G03Rik	130	845	2
0610012G03Rik	348	1129	3
0610012G03Rik	273	190	2
0610012G03Rik	964	1024	1
0610012G03Rik	285	24	2
0610012G03Rik	1013	181	1
0610012G03Rik	396	293	3
0610012G03Rik	206	619	1
0610012G03Rik	862	128	1
0610012G03Rik	1033	742	2
0610012G03Rik	76	262	4
0610012G03Rik	558	268	4
0610012G03Rik	973	618	2
0610012G03Rik	636	592	1
0610012G03Rik	359	868	3
0610012G03Rik	984	67	3
0610012G03Rik	926	1161	1
0610012G03Rik	577	647	3
0610012G03Rik	733	501	4
0610012G03Rik	227	722	1
0610012G03Rik	295	547	2
0610012G03Rik	727	501	3
0610012G03Rik	1082	726	3
0610012G03Rik	879	902	2
0610012G03Rik	565	997	2
0610012G03Rik	589	954	3
0610012G03Rik	348	1086	1
0610012G03Rik	371	758	1
0610012G03Rik	677	463	2
0610012G03Rik	682	549	1
0610012G03Rik	609	788	1
0610012G03Rik	231	672	4
0610012G03Rik	699	901	1
0610012G03Rik	58	302	2
0610012G03Rik	807	794	1
0610012G03Rik	336	270	4
0610012G03Rik	620	485	1
0610012G03Rik	979	407	2
0610012G03Rik	622	23	2
0610012G03Rik	826	390	3
0610012G03Rik	379	31	1
0610012G03Rik	1180	193	2
0610012G03Rik	709	166	2
0610012G03Rik	717	223	3
0610012G03Rik	1026	576	1
0610012G03Rik	884	273	1
0610012G03Rik	1080	1160	3
0610012G03Rik	746	40	1
0610012G03Rik	129	399	3
0610012G03Rik	861	107	4
0610012G03Rik	734	262	1
0610012G03Rik	28	761	1
0610012G03Rik	764	610	2
0610012G03Rik	820	727	4
0610012G03Rik	144	983	1
0610012G03Rik	1062	815	1
0610012G03Rik	220	632	2
0610012G03Rik	1113	821	1
0610012G03Rik	156	854	2
0610012G03Rik	390	3	2
0610012G03Rik	408	1000	3
0610012G03Rik	220	953	2
0610012G03Rik	548	879	2
0610012G03Rik	587	1059	3
0610012G03Rik	901	590	1
0610012G03Rik	32	1191	1
0610012G03Rik	694	145	4
0610012G03Rik	209	573	1
0610012G03Rik	1073	302	1
0610012G03Rik	317	542	1
0610012G03Rik	818	1001	1
0610012G03Rik	771	480	1
0610012G03Rik	838	541	2
0610012G03Rik	561	1113	2
0610012G03Rik	181	994	2
0610012G03Rik	583	819	1
0610012G03Rik	598	924	1
0610012G03Rik	960	65	1
0610012G03Rik	360	980	1
0610012G03Rik	657	885	1
0610012G03Rik	1058	1068	1
0610012G03Rik	376	1130	1
0610012G03Rik	643	118	4
0610012G03Rik	271	1167	1
0610012G03Rik	45	1100	1
0610012G03Rik	4	627	2
0610012G03Rik	389	353	2
0610012G03Rik	222	584	1
0610012G03Rik	1045	906	1
0610012G03Rik	267	529	1
0610012G03Rik	554	358	3
0610012G03Rik	254	204	1
0610012G03Rik	899	117	1
0610012G03Rik	979	63	1
0610012G03Rik	284	852	2
0610012G03Rik	188	985	1
0610012G03Rik	1062	816	3
0610012G03Rik	634	986	1
0610012G03Rik	707	1039	1
0610012G03Rik	675	671	4
0610012G03Rik	153	1055	1
0610012G03Rik	122	1107	1
0610012G03Rik	917	168	1
0610012G03Rik	522	716	2
0610012G03Rik	531	581	1
0610012G03Rik	324	397	2
0610012G03Rik	674	279	2
0610012G03Rik	335	318	1
0610012G03Rik	767	551	1
0610012G03Rik	799	996	1
0610012G03Rik	384	892	2
0610012G03Rik	1188	757	1
0610012G03Rik	435	206	2
0610012G03Rik	746	501	2
0610012G03Rik	261	518	1
0610012G03Rik	0	1112	3
0610012G03Rik	492	1055	1
0610012G03Rik	331	323	1
0610012G03Rik	52	644	1
0610012G03Rik	587	1018	1
0610012G03Rik	1122	8	1
0610012G03Rik	405	386	2
0610012G03Rik	1159	125	3
0610012G03Rik	1057	730	1
0610012G03Rik	133	966	1
0610012G03Rik	1191	91	3
0610012G03Rik	444	1103	1
0610012G03Rik	804	636	2
0610012G03Rik	672	181	1
0610012G03Rik	24	1059	1
0610012G03Rik	132	647	1
0610012G03Rik	962	722	1
0610012G03Rik	273	191	4
0610012G03Rik	1084	297	1
0610012G03Rik	755	140	1
0610012G03Rik	472	979	1
0610012G03Rik	484	399	4
0610012G03Rik	401	1052	1
0610012G03Rik	1036	752	1
0610012G03Rik	1121	823	1
0610012G03Rik	361	1078	2
0610012G03Rik	477	1199	4
0610012G03Rik	361	478	1
0610012G03Rik	643	723	1
0610012G03Rik	377	904	1
0610012G03Rik	443	858	1
0610012G03Rik	896	253	1
0610012G03Rik	204	331	1
0610012G03Rik	932	454	2
0610012G03Rik	1016	1156	3
0610012G03Rik	258	1197	1
0610012G03Rik	564	785	4
0610012G03Rik	71	426	3
0610012G03Rik	540	958	3
0610012G03Rik	691	1000	1
0610012G03Rik	417	994	4
0610012G03Rik	767	407	1
0610012G03Rik	952	364	1
0610012G03Rik	907	860	1
0610012G03Rik	878	713	2
0610012G03Rik	358	1166	3
0610012G03Rik	374	289	1
0610012G03Rik	439	656	1
0610012G03Rik	10	939	1
0610012G03Rik	482	717	4
0610012G03Rik	768	330	2
0610012G03Rik	682	605	1
0610012G03Rik	129	1050	2
0610030E20Rik	247	280	4
0610030E20Rik	130	809	1
0610030E20Rik	900	534	2
0610030E20Rik	772	922	1
0610030E20Rik	159	531	1
0610030E20Rik	846	382	4
0610030E20Rik	513	111	3
0610030E20Rik	367	718	4
0610030E20Rik	579	752	2
0610030E20Rik	348	584	2
0610030E20Rik	121	472	2
0610030E20Rik	87	858	1
0610030E20Rik	1023	611	1
0610030E20Rik	720	651	1
0610030E20Rik	356	154	1
0610037L13Rik	271	861	2
0610037L13Rik	680	236	4
0610037L13Rik	22	346	4
0610037L13Rik	702	152	1
0610037L13Rik	682	812	3
0610037L13Rik	206	432	2
0610037L13Rik	765	730	2
0610037L13Rik	552	1133	3
0610037L13Rik	888	654	2
0610037L13Rik	360	584	1
0610037L13Rik	328	255	3
0610037L13Rik	481	851	1
0610037L13Rik	181	416	1
0610037L13Rik	647	1001	1
0610037L13Rik	1125	895	1
0610037L13Rik	484	908	4
0610037L13Rik	300	1199	3
0610037L13Rik	320	364	3
0610037L13Rik	159	384	1
0610037L13Rik	209	501	1
0610037L13Rik	768	401	4
0610037L13Rik	730	853	1
0610037L13Rik	66	678	1
0610037L13Rik	147	180	2
0610037L13Rik	790	914	3
0610037L13Rik	654	782	1
0610037L13Rik	822	527	1
0610037L13Rik	888	242	1
0610037L13Rik	515	853	1
0610037L13Rik	372	596	1
0610037L13Rik	710	156	2
0610037L13Rik	545	374	1
0610037L13Rik	180	1196	2
0610037L13Rik	220	1014	1
0610037L13Rik	886	877	2
0610037L13Rik	632	219	1
0610037L13Rik	271	210	1
0610037L13Rik	169	785	1
0610037L13Rik	584	846	2
0610037L13Rik	619	98	4
0610037L13Rik	363	1084	3
0610037L13Rik	16	205	3
0610037L13Rik	662	642	3
0610037L13Rik	749	439	1
0610037L13Rik	305	916	2
0610037L13Rik	457	552	2
0610037L13Rik	349	986	1
0610037L13Rik	1100	955	2
0610037L13Rik	570	297	4
0610037L13Rik	596	903	2
0610037L13Rik	945	500	2
0610037L13Rik	210	814	2
0610037L13Rik	516	990	4
0610037L13Rik	566	1131	1
0610037L13Rik	17	442	2
0610037L13Rik	938	976	2
0610037L13Rik	188	826	1
0610037L13Rik	312	322	1
0610037L13Rik	463	945	1
0610037L13Rik	92	173	1
0610037L13Rik	41	456	1
0610037L13Rik	248	898	1
0610037L13Rik	352	1135	1
0610037L13Rik	263	205	1
0610037L13Rik	782	210	1
0610037L13Rik	1013	921	2
0610037L13Rik	851	116	1
0610037L13Rik	1021	1021	1
0610037L13Rik	919	179	2
0610037L13Rik	1099	393	1
0610037L13Rik	966	283	1
0610037L13Rik	862	638	1
0610037L13Rik	609	512	2
0610037L13Rik	241	637	1
0610037L13Rik	779	413	3
0610037L13Rik	610	599	3
0610037L13Rik	253	347	3
0610037L13Rik	240	755	2
0610037L13Rik	635	190	1
0610037L13Rik	272	296	1
0610037L13Rik	540	1126	1
0610037L13Rik	84	310	4
0610037L13Rik	164	776	4
0610037L13Rik	379	264	2
0610037L13Rik	473	1038	1
0610037L13Rik	1149	566	1
0610037L13Rik	322	1052	2
0610037L13Rik	834	608	1
0610037L13Rik	206	878	2
0610037L13Rik	277	305	3
0610037L13Rik	112	6	1
0610037L13Rik	1108	73	4
0610037L13Rik	375	1143	1
0610037L13Rik	154	1159	4
0610037L13Rik	295	341	3
0610037L13Rik	454	356	1
0610037L13Rik	161	67	1
0610037L13Rik	979	439	2
0610037L13Rik	916	261	2
0610037L13Rik	331	139	1
0610037L13Rik	616	1074	2
0610037L13Rik	20	913	3
0610037L13Rik	798	642	2
0610037L13Rik	737	1131	2
0610037L13Rik	712	194	1
0610037L13Rik	469	552	1
0610038B21Rik	321	364	1
0610040B10Rik	574	754	1
0610040B10Rik	957	265	1
0610040B10Rik	329	405	1
0610040B10Rik	956	234	1
0610040B10Rik	719	909	2
0610040B10Rik	969	283	1
0610040B10Rik	187	484	1
0610040B10Rik	229	482	1
0610040B10Rik	700	32	2
0610040B10Rik	505	607	1
0610040B10Rik	152	899	1
0610040B10Rik	331	1008	2
0610040B10Rik	260	538	1
0610040B10Rik	784	474	4
0610040B10Rik	307	985	3
0610040B10Rik	730	567	2
0610040B10Rik	1073	1168	1
0610040B10Rik	98	911	3
0610040B10Rik	192	1160	3
0610040F04Rik	705	915	1
0610040F04Rik	487	868	2
0610040F04Rik	1168	773	1
0610040J01Rik	291	808	1
0610040J01Rik	1042	721	3
0610040J01Rik	899	938	1
0610040J01Rik	262	775	4
0610040J01Rik	302	349	1
0610040J01Rik	996	285	1
0610040J01Rik	1032	10	2
0610040J01Rik	718	955	1
0610040J01Rik	622	217	2
0610043K17Rik	455	1106	4
0610043K17Rik	25	45	2
0610043K17Rik	254	786	1
0610043K17Rik	349	1158	2
1010001B22Rik	766	1057	1
1010001B22Rik	1057	414	1
1110002E22Rik	660	1000	1
1110002E22Rik	396	1138	1
1110002E22Rik	761	617	1
1110002E22Rik	172	463	3
1110002J07Rik	234	959	1
1110002L01Rik	1036	14	2
1110002L01Rik	950	166	1
1110002L01Rik	1037	14	2
1110002L01Rik	118	376	1
1110002L01Rik	709	624	1
1110002L01Rik	871	271	1
1110002L01Rik	279	246	1
1110004E09Rik	55	556	3
1110004E09Rik	598	924	2
1110004E09Rik	543	1013	4
1110004E09Rik	381	1084	1
1110004E09Rik	789	530	2
1110004E09Rik	728	519	1
1110004E09Rik	766	539	4
1110004E09Rik	455	1139	4
1110004E09Rik	90	1054	1
1110004E09Rik	990	700	3
1110004E09Rik	652	788	3
1110004E09Rik	1122	314	2
1110004E09Rik	168	31	3
1110004E09Rik	356	760	2
1110004E09Rik	935	50	1
1110004E09Rik	366	201	1
1110004E09Rik	637	527	1
1110004E09Rik	899	789	4
1110004E09Rik	868	130	3
1110004E09Rik	14	558	2
1110004E09Rik	231	1127	1
1110004E09Rik	858	229	1
1110004E09Rik	791	25	1
1110004E09Rik	241	735	2
1110004E09Rik	880	582	2
1110004E09Rik	835	108	1
1110004E09Rik	784	33	2
1110004E09Rik	475	860	2
1110004E09Rik	648	603	1
1110004E09Rik	312	77	3
1110004E09Rik	76	984	2
1110004E09Rik	814	293	3
1110004E09Rik	342	365	2
1110004E09Rik	201	702	3
1110004E09Rik	329	276	3
1110004E09Rik	466	1115	4
1110004E09Rik	1163	1120	4
1110004E09Rik	524	746	1
1110004E09Rik	682	528	4
1110004E09Rik	653	222	3
1110004E09Rik	981	92	2
1110004E09Rik	604	1161	2
1110004E09Rik	271	150	2
1110004E09Rik	501	982	1
1110004E09Rik	396	1122	1
1110004E09Rik	869	355	1
1110004E09Rik	612	637	1
1110004E09Rik	887	204	2
1110004E09Rik	803	1152	3
1110004E09Rik	679	822	1
1110004E09Rik	573	1138	1
1110004E09Rik	1096	133	2
1110004E09Rik	108	1027	1
1110004E09Rik	782	1027	2
1110004E09Rik	53	338	4
1110004E09Rik	931	1148	4
1110004E09Rik	950	501	2
1110004E09Rik	625	956	1
1110004F10Rik	1144	206	3
1110004F10Rik	171	534	1
1110004F10Rik	495	1182	1
1110004F10Rik	466	1117	4
1110004F10Rik	606	823	1
1110004F10Rik	207	1174	1
1110004F10Rik	791	574	1
1110004F10Rik	286	793	1
1110004F10Rik	967	623	1
1110004F10Rik	699	564	2
1110004F10Rik	311	36	3
1110004F10Rik	515	1048	1
1110004F10Rik	971	32	2
1110004F10Rik	421	171	4
1110004F10Rik	449	825	2
1110004F10Rik	741	736	2
1110004F10Rik	1093	944	1
1110004F10Rik	859	193	2
1110004F10Rik	276	1068	4
1110004F10Rik	219	1195	2
1110004F10Rik	485	1071	1
1110004F10Rik	183	962	2
1110004F10Rik	277	593	1
1110004F10Rik	260	1063	1
1110004F10Rik	773	1197	1
1110004F10Rik	369	414	1
1110004F10Rik	565	516	1
1110004F10Rik	831	289	2
1110004F10Rik	258	470	1
1110004F10Rik	279	649	1
1110004F10Rik	1002	1154	1
1110004F10Rik	980	1	2
1110004F10Rik	800	205	2
1110004F10Rik	833	587	1
1110004F10Rik	519	1120	2
1110004F10Rik	332	147	2
1110004F10Rik	640	126	3
1110004F10Rik	722	678	2
1110004F10Rik	333	389	2
1110004F10Rik	226	1002	3
1110004F10Rik	1092	1185	4
1110004F10Rik	480	1147	1
1110004F10Rik	168	868	2
1110004F10Rik	863	761	1
1110004F10Rik	905	362	1
1110004F10Rik	799	607	1
1110004F10Rik	175	852	2
1110004F10Rik	210	900	1
1110004F10Rik	333	43	2
1110004F10Rik	929	1133	4
1110004F10Rik	1074	507	1
1110004F10Rik	1118	871	1
1110004F10Rik	843	386	4
1110004F10Rik	322	645	1
1110004F10Rik	704	183	1
1110004F10Rik	715	836	1
1110004F10Rik	323	122	1
1110004F10Rik	545	312	1
1110004F10Rik	247	807	1
1110004F10Rik	480	1186	1
1110004F10Rik	480	831	1
1110004F10Rik	688	1070	1
1110004F10Rik	543	816	1
1110004F10Rik	837	799	1
1110004F10Rik	65	790	1
1110004F10Rik	745	9	2
1110004F10Rik	282	510	1
1110004F10Rik	734	821	2
1110004F10Rik	927	103	1
1110004F10Rik	780	373	3
1110004F10Rik	758	907	1
1110004F10Rik	861	89	1
1110004F10Rik	737	907	2
1110004F10Rik	431	916	2
1110004F10Rik	271	1147	1
1110004F10Rik	659	284	1
1110004F10Rik	801	470	1
1110004F10Rik	433	805	1
1110004F10Rik	521	325	2
1110004F10Rik	512	806	1
1110004F10Rik	628	1029	1
1110004F10Rik	51	735	1
1110004F10Rik	567	219	3
1110004F10Rik	569	1099	1
1110004F10Rik	778	380	1
1110004F10Rik	33	521	1
1110004F10Rik	409	1048	1
1110004F10Rik	149	393	2
1110004F10Rik	280	223	2
1110004F10Rik	242	1107	1
1110004F10Rik	155	1090	4
1110004F10Rik	60	3	1
1110004F10Rik	309	647	2
1110004F10Rik	669	104	1
1110004F10Rik	805	17	2
1110004F10Rik	459	839	2
1110004F10Rik	272	226	1
1110004F10Rik	806	23	2
1110004F10Rik	392	688	1
1110004F10Rik	1073	390	1
1110004F10Rik	874	1113	3
1110004F10Rik	750	652	3
1110004F10Rik	681	818	4
1110004F10Rik	89	548	1
1110004F10Rik	444	829	2
1110004F10Rik	496	779	2
1110004F10Rik	360	1127	2
1110004F10Rik	389	68	1
1110004F10Rik	746	503	3
1110004F10Rik	545	928	1
1110004F10Rik	599	839	2
1110004F10Rik	272	296	4
1110004F10Rik	353	124	4
1110004F10Rik	1046	492	1
1110004F10Rik	746	454	1
1110004F10Rik	699	1142	4
1110004F10Rik	825	513	2
1110004F10Rik	1098	363	1
1110004F10Rik	95	928	1
1110004F10Rik	367	790	4
1110004F10Rik	466	1106	1
1110004F10Rik	324	26	2
1110004F10Rik	620	843	4
1110004F10Rik	424	1160	2
1110004F10Rik	384	951	2
1110004F10Rik	890	122	1
1110004F10Rik	733	907	2
1110004F10Rik	268	407	4
1110004F10Rik	220	399	4
1110004F10Rik	926	63	1
1110004F10Rik	966	33	2
1110004F10Rik	508	397	1
1110004F10Rik	690	231	4
1110004F10Rik	467	940	2
1110004F10Rik	754	778	4
1110004F10Rik	817	867	4
1110004F10Rik	158	559	4
1110004F10Rik	496	144	2
1110004F10Rik	172	48	2
1110004F10Rik	611	1159	1
1110004F10Rik	874	130	2
1110004F10Rik	810	309	3
1110004F10Rik	874	450	4
1110004F10Rik	59	689	3
1110004F10Rik	210	489	1
1110004F10Rik	787	837	2
1110004F10Rik	359	1180	3
1110004F10Rik	576	848	2
1110004F10Rik	369	918	3
1110004F10Rik	522	731	1
1110004F10Rik	774	493	4
1110004F10Rik	265	194	4
1110004F10Rik	930	647	3
1110004F10Rik	830	305	1
1110004F10Rik	739	807	1
1110004F10Rik	55	553	1
1110004F10Rik	88	678	1
1110004F10Rik	546	431	1
1110004F10Rik	194	902	1
1110004F10Rik	679	404	1
1110004F10Rik	277	171	3
1110004F10Rik	36	875	1
1110004F10Rik	492	1016	4
1110004F10Rik	970	677	2
1110004F10Rik	158	548	3
1110004F10Rik	486	1144	1
1110004F10Rik	328	629	1
1110004F10Rik	399	1038	1
1110004F10Rik	488	309	1
1110004F10Rik	768	489	1
1110004F10Rik	171	1138	2
1110004F10Rik	628	845	1
1110004F10Rik	0	657	4
1110004F10Rik	1018	354	3
1110004F10Rik	152	806	3
1110004F10Rik	959	58	1
1110004F10Rik	903	676	2
1110004F10Rik	24	301	3
1110004F10Rik	309	35	2
1110004F10Rik	258	1184	2
1110004F10Rik	898	27	3
1110004F10Rik	409	716	1
1110004F10Rik	129	455	2
1110004F10Rik	589	1040	3
1110004F10Rik	893	116	1
1110004F10Rik	340	582	1
1110004F10Rik	636	802	1
1110004F10Rik	754	364	1
1110004F10Rik	753	365	2
1110004F10Rik	614	89	1
1110004F10Rik	197	1045	1
1110004F10Rik	95	966	1
1110004F10Rik	1143	682	3
1110004F10Rik	323	1015	4
1110004F10Rik	244	1166	3
1110004F10Rik	703	1192	2
1110004F10Rik	25	502	1
1110004F10Rik	743	435	4
1110004F10Rik	1034	37	1
1110004F10Rik	400	174	1
1110004F10Rik	639	1042	1
1110004F10Rik	891	9	4
1110004F10Rik	630	1005	3
1110004F10Rik	331	1007	1
1110004F10Rik	503	700	4
1110004F10Rik	571	668	2
1110004F10Rik	421	906	1
1110004F10Rik	684	754	4
1110004F10Rik	150	1071	3
1110004F10Rik	747	500	2
1110004F10Rik	302	576	1
1110004F10Rik	10	937	1
1110004F10Rik	648	673	1
1110004F10Rik	245	1102	1
1110004F10Rik	1135	1044	4
1110004F10Rik	900	428	2
1110004F10Rik	59	1146	1
1110004F10Rik	474	417	2
1110004F10Rik	564	1007	1
1110004F10Rik	835	378	1
1110004F10Rik	408	764	3
1110004F10Rik	919	389	2
1110004F10Rik	39	903	1
1110004F10Rik	71	213	1
1110004F10Rik	850	631	1
1110004F10Rik	283	213	1
1110008F13Rik	901	614	1
1110008F13Rik	362	79	2
1110008F13Rik	1171	747	1
1110008F13Rik	849	107	1
1110008F13Rik	725	719	1
1110008F13Rik	603	301	3
1110008F13Rik	339	244	2
1110008F13Rik	393	116	2
1110008F13Rik	622	36	3
1110008F13Rik	223	774	3
1110008F13Rik	293	461	2
1110008F13Rik	415	543	1
1110008F13Rik	358	318	1
1110008F13Rik	616	840	1
1110008F13Rik	301	458	2
1110008F13Rik	155	687	1
1110008F13Rik	435	1075	1
1110008F13Rik	89	1060	1
1110008F13Rik	135	850	1
1110008F13Rik	133	849	1
1110008F13Rik	431	1180	2
1110008F13Rik	784	532	3
1110008F13Rik	464	443	1
1110008F13Rik	590	924	1
1110008F13Rik	445	1058	2
1110008F13Rik	31	492	4
1110008F13Rik	817	193	1
1110008F13Rik	323	79	3
1110008F13Rik	738	771	1
1110008F13Rik	249	642	1
1110008F13Rik	748	636	2
1110008F13Rik	402	118	1
1110008F13Rik	591	645	1
1110008F13Rik	818	305	1
1110008F13Rik	215	600	1
1110008F13Rik	98	887	1
1110008F13Rik	388	1058	2
1110008F13Rik	593	139	4
1110008F13Rik	577	662	1
1110008F13Rik	779	505	1
1110008F13Rik	785	573	1
1110008F13Rik	128	753	4
1110008F13Rik	622	999	1
1110008F13Rik	315	984	1
1110008F13Rik	57	1054	2
1110008F13Rik	550	937	2
1110008F13Rik	216	750	1
1110008F13Rik	750	201	3
1110008F13Rik	492	470	2
1110008F13Rik	547	1021	2
1110008F13Rik	533	618	4
1110008F13Rik	496	560	1
1110008F13Rik	965	365	1
1110008F13Rik	1001	207	1
1110008F13Rik	545	564	1
1110008F13Rik	694	706	2
1110008F13Rik	67	815	1
1110008F13Rik	1067	1171	1
1110008F13Rik	904	809	1
1110008F13Rik	681	771	1
1110008F13Rik	824	1083	1
1110008F13Rik	268	271	2
1110008F13Rik	764	259	1
1110008F13Rik	726	769	1
1110008F13Rik	365	378	1
1110008F13Rik	305	523	1
1110008F13Rik	750	559	1
1110008F13Rik	441	539	1
1110008F13Rik	1047	159	1
1110008F13Rik	476	1066	1
1110008F13Rik	189	563	1
1110008F13Rik	684	819	1
1110008F13Rik	648	274	2
1110008F13Rik	297	139	3
1110008F13Rik	736	53	2
1110008F13Rik	912	90	3
1110008F13Rik	428	463	2
1110008F13Rik	262	766	4
1110008F13Rik	391	798	1
1110008F13Rik	1044	947	1
1110008F13Rik	706	571	1
1110008F13Rik	299	587	2
1110008F13Rik	458	1116	3
1110008F13Rik	943	78	2
1110008F13Rik	815	439	3
1110008F13Rik	1036	876	4
1110008F13Rik	853	187	1
1110008F13Rik	843	122	3
1110008F13Rik	173	1123	3
1110008F13Rik	446	1104	2
1110008F13Rik	518	1140	2
1110008F13Rik	373	807	3
1110008F13Rik	597	1026	1
1110008F13Rik	295	21	3
1110008F13Rik	311	918	3
1110008F13Rik	88	1195	4
1110008F13Rik	572	919	3
1110008F13Rik	499	11	3
1110008F13Rik	846	835	2
1110008F13Rik	33	1037	2
1110008F13Rik	280	1196	3
1110008F13Rik	373	1097	1
1110008F13Rik	233	951	3
1110008F13Rik	384	915	4
1110008F13Rik	532	1039	4
1110008F13Rik	285	972	1
1110008F13Rik	425	208	4
1110008F13Rik	307	301	4
1110008F13Rik	54	1013	2
1110008F13Rik	781	592	2
1110008F13Rik	601	999	1
1110008F13Rik	894	153	1
1110008F13Rik	743	489	1
1110008F13Rik	286	314	2
1110008F13Rik	1196	555	3
1110008F13Rik	183	872	1
1110008F13Rik	179	264	2
1110008F13Rik	518	447	1
1110008F13Rik	141	1094	3
1110008F13Rik	263	216	2
1110008F13Rik	260	365	1
1110008F13Rik	373	808	1
1110008F13Rik	783	846	1
1110008F13Rik	711	318	2
1110008F13Rik	321	686	2
1110008F13Rik	243	22	1
1110008F13Rik	771	120	1
1110008F13Rik	828	776	1
1110008F13Rik	267	384	2
1110008F13Rik	223	783	1
1110008F13Rik	198	8	1
1110008F13Rik	352	392	1
1110008F13Rik	74	948	1
1110008F13Rik	809	609	3
1110008F13Rik	905	521	4
1110008F13Rik	577	510	3
1110008F13Rik	857	27	1
1110008F13Rik	801	610	1
1110008F13Rik	521	909	1
1110008F13Rik	1006	767	4
1110008F13Rik	910	258	1
1110008F13Rik	244	275	1
1110008F13Rik	1011	503	1
1110008F13Rik	377	403	3
1110008F13Rik	1191	427	2
1110008F13Rik	337	453	2
1110008F13Rik	1177	1103	1
1110008F13Rik	382	532	3
1110008L16Rik	674	76	4
1110008L16Rik	289	163	2
1110008L16Rik	967	336	1
1110008L16Rik	207	416	1
1110008L16Rik	1147	1015	1
1110008L16Rik	331	336	1
1110008L16Rik	169	96	1
1110008L16Rik	119	1014	1
1110008L16Rik	493	840	1
1110008L16Rik	1083	819	2
1110008L16Rik	161	1058	3
1110008L16Rik	22	242	2
1110008L16Rik	815	613	1
1110008L16Rik	380	78	1
1110008L16Rik	1163	314	1
1110008L16Rik	22	241	2
1110008P14Rik	16	852	2
1110008P14Rik	575	237	1
1110008P14Rik	119	952	1
1110008P14Rik	320	1043	1
1110008P14Rik	75	1128	3
1110008P14Rik	811	173	1
1110008P14Rik	256	631	1
1110008P14Rik	900	162	1
1110008P14Rik	567	234	3
1110008P14Rik	926	879	3
1110008P14Rik	440	202	3
1110008P14Rik	229	343	3
1110008P14Rik	658	1078	1
1110008P14Rik	113	725	1
1110008P14Rik	737	885	1
1110008P14Rik	638	329	1
1110008P14Rik	256	808	1
1110008P14Rik	491	102	1
1110008P14Rik	111	611	4
1110008P14Rik	102	543	1
1110008P14Rik	66	203	1
1110008P14Rik	269	770	3
1110008P14Rik	724	1145	1
1110008P14Rik	1185	782	2
1110008P14Rik	766	193	1
1110008P14Rik	716	1075	3
1110008P14Rik	309	124	1
1110008P14Rik	390	454	1
1110008P14Rik	849	400	1
1110008P14Rik	684	842	2
1110008P14Rik	279	431	4
1110008P14Rik	814	528	3
1110008P14Rik	278	316	4
1110008P14Rik	911	606	1
1110008P14Rik	323	370	1
1110008P14Rik	856	1070	1
1110008P14Rik	33	154	1
1110008P14Rik	294	199	1
1110008P14Rik	383	933	1
1110008P14Rik	27	1196	1
1110008P14Rik	743	729	1
1110008P14Rik	830	305	1
1110008P14Rik	467	827	1
1110008P14Rik	98	882	1
1110008P14Rik	463	405	1
1110008P14Rik	279	184	1
1110008P14Rik	90	1125	1
1110008P14Rik	859	491	1
1110008P14Rik	414	889	2
1110008P14Rik	802	697	2
1110008P14Rik	893	402	1
1110008P14Rik	770	439	1
1110008P14Rik	795	522	1
1110008P14Rik	938	649	1
1110008P14Rik	877	739	1
1110008P14Rik	590	1117	1
1110008P14Rik	805	716	1
1110008P14Rik	309	927	1
1110008P14Rik	576	1172	1
1110008P14Rik	300	159	1
1110008P14Rik	477	283	1
1110008P14Rik	265	262	1
1110008P14Rik	972	702	1
1110008P14Rik	624	1156	1
1110008P14Rik	513	442	1
1110008P14Rik	1099	954	1
1110008P14Rik	1158	750	1
1110008P14Rik	680	1140	1
1110008P14Rik	16	328	1
1110008P14Rik	732	386	1
1110008P14Rik	697	829	1
1110008P14Rik	322	528	1
1110008P14Rik	179	1127	1
1110008P14Rik	284	177	2
1110008P14Rik	824	944	4
1110008P14Rik	863	365	1
1110008P14Rik	579	855	1
1110008P14Rik	233	354	1
1110008P14Rik	743	72	1
1110008P14Rik	547	1063	1
1110008P14Rik	567	74	1
1110008P14Rik	936	1073	1
1110008P14Rik	314	826	3
1110008P14Rik	796	590	4
1110008P14Rik	435	723	1
1110008P14Rik	506	1169	2
1110008P14Rik	170	786	2
1110008P14Rik	365	282	1
1110008P14Rik	554	782	3
1110008P14Rik	569	279	1
1110008P14Rik	491	67	1
1110008P14Rik	512	450	3
1110008P14Rik	900	8	1
1110008P14Rik	625	397	1
1110008P14Rik	291	119	1
1110008P14Rik	885	204	1
1110008P14Rik	248	688	1
1110008P14Rik	467	559	1
1110008P14Rik	960	1002	2
1110008P14Rik	59	642	3
1110008P14Rik	176	686	4
1110008P14Rik	700	894	1
1110008P14Rik	561	515	1
1110008P14Rik	748	972	3
1110008P14Rik	310	1195	1
1110008P14Rik	669	789	3
1110008P14Rik	804	1040	4
1110008P14Rik	81	1004	3
1110008P14Rik	573	984	2
1110008P14Rik	200	130	1
1110008P14Rik	99	58	1
1110008P14Rik	420	753	2
1110008P14Rik	579	223	2
1110008P14Rik	419	829	2
1110008P14Rik	444	241	4
1110008P14Rik	1006	887	1
1110008P14Rik	720	813	1
1110008P14Rik	603	123	1
1110008P14Rik	572	289	1
1110008P14Rik	672	1007	2
1110008P14Rik	102	882	3
1110008P14Rik	925	422	1
1110008P14Rik	897	574	1
1110008P14Rik	272	1005	2
1110008P14Rik	341	59	1
1110008P14Rik	398	357	1
1110008P14Rik	876	29	4
1110008P14Rik	548	1167	1
1110008P14Rik	231	406	1
1110008P14Rik	1090	410	1
1110008P14Rik	928	226	1
1110008P14Rik	10	1116	2
1110008P14Rik	231	271	1
1110008P14Rik	871	251	1
1110008P14Rik	44	763	1
1110008P14Rik	1090	975	1
1110008P14Rik	406	10	2
1110008P14Rik	697	816	1
1110008P14Rik	487	519	1
1110008P14Rik	102	1096	3
1110008P14Rik	53	103	1
1110008P14Rik	833	1199	1
1110008P14Rik	877	538	3
1110008P14Rik	863	59	1
1110008P14Rik	778	309	2
1110008P14Rik	738	280	1
1110008P14Rik	220	41	2
1110008P14Rik	968	50	1
1110008P14Rik	82	996	2
1110008P14Rik	145	575	1
1110008P14Rik	703	628	1
1110008P14Rik	197	867	2
1110008P14Rik	36	67	4
1110008P14Rik	445	890	3
1110008P14Rik	570	267	3
1110008P14Rik	728	551	3
1110008P14Rik	793	489	3
1110008P14Rik	81	412	2
1110008P14Rik	42	520	4
1110008P14Rik	493	755	4
1110008P14Rik	189	365	3
1110008P14Rik	38	255	1
1110008P14Rik	231	972	2
1110008P14Rik	1038	307	4
1110008P14Rik	712	731	1
1110008P14Rik	760	96	1
1110008P14Rik	919	414	1
1110008P14Rik	889	197	2
1110008P14Rik	957	91	1
1110008P14Rik	505	1136	2
1110008P14Rik	370	465	1
1110008P14Rik	612	727	1
1110008P14Rik	1178	577	1
1110008P14Rik	190	881	1
1110008P14Rik	789	27	1
1110008P14Rik	121	439	2
1110008P14Rik	560	331	1
1110008P14Rik	1121	1059	2
1110008P14Rik	801	842	3
1110008P14Rik	1122	22	2
1110008P14Rik	675	411	1
1110008P14Rik	1068	282	3
1110008P14Rik	1081	916	1
1110008P14Rik	158	374	1
1110008P14Rik	414	245	3
1110008P14Rik	411	385	2
1110008P14Rik	70	1151	3
1110008P14Rik	137	44	1
1110008P14Rik	1126	1112	1
1110008P14Rik	1129	547	4
1110008P14Rik	533	1189	1
1110008P14Rik	554	677	2
1110008P14Rik	497	184	2
1110008P14Rik	244	1146	1
1110008P14Rik	221	1157	2
1110008P14Rik	216	1037	1
1110008P14Rik	980	548	3
1110008P14Rik	814	127	1
1110008P14Rik	899	216	3
1110008P14Rik	924	21	1
1110008P14Rik	510	1014	1
1110008P14Rik	251	707	1
1110008P14Rik	80	579	4
1110008P14Rik	1196	871	4
1110008P14Rik	620	1052	1
1110008P14Rik	727	1006	2
1110008P14Rik	613	650	2
1110008P14Rik	683	352	4
1110008P14Rik	641	220	1
1110008P14Rik	266	888	4
1110008P14Rik	790	48	4
1110008P14Rik	189	1072	4
1110008P14Rik	423	959	1
1110008P14Rik	614	810	1
1110008P14Rik	519	558	1
1110008P14Rik	245	777	1
1110008P14Rik	694	579	1
1110008P14Rik	18	316	2
1110008P14Rik	510	343	2
1110008P14Rik	1127	61	2
1110008P14Rik	45	770	1
1110008P14Rik	358	681	1
1110008P14Rik	1098	717	2
1110008P14Rik	922	22	2
1110008P14Rik	158	907	1
1110008P14Rik	175	884	1
1110008P14Rik	367	928	2
1110008P14Rik	951	989	6
1110008P14Rik	245	1049	1
1110008P14Rik	980	124	2
1110008P14Rik	13	1020	1
1110008P14Rik	844	316	2
1110008P14Rik	574	273	1
1110008P14Rik	734	118	4
1110008P14Rik	516	1148	1
1110008P14Rik	1036	122	1
1110008P14Rik	97	1146	1
1110008P14Rik	313	406	1
1110008P14Rik	1028	885	1
1110008P14Rik	172	503	1
1110008P14Rik	697	502	1
1110008P14Rik	784	422	3
1110008P14Rik	375	1137	1
1110008P14Rik	711	710	2
1110008P14Rik	1082	845	2
1110008P14Rik	467	934	4
1110008P14Rik	1	638	1
1110008P14Rik	1148	913	1
1110008P14Rik	614	531	1
1110008P14Rik	352	1081	1
1110008P14Rik	288	401	1
1110008P14Rik	924	160	1
1110008P14Rik	453	991	1
1110008P14Rik	861	207	1
1110008P14Rik	265	506	1
1110008P14Rik	198	851	1
1110008P14Rik	985	395	1
1110008P14Rik	555	67	1
1110008P14Rik	755	498	3
1110008P14Rik	580	486	1
1110008P14Rik	540	240	2
1110008P14Rik	535	641	1
1110008P14Rik	294	78	1
1110008P14Rik	333	755	2
1110008P14Rik	702	832	1
1110008P14Rik	352	81	1
1110008P14Rik	810	726	1
1110008P14Rik	700	1024	3
1110008P14Rik	529	141	3
1110008P14Rik	361	677	1
1110008P14Rik	760	1011	3
1110008P14Rik	756	309	1
1110008P14Rik	763	292	2
1110008P14Rik	628	25	1
1110008P14Rik	613	81	1
1110008P14Rik	56	856	1
1110008P14Rik	252	727	1
1110008P14Rik	637	116	1
1110008P14Rik	353	220	1
1110008P14Rik	246	995	1
1110008P14Rik	728	1113	2
1110008P14Rik	329	1122	3
1110008P14Rik	696	617	2
1110008P14Rik	263	348	2
1110008P14Rik	251	432	1
1110008P14Rik	723	1056	1
1110008P14Rik	492	540	1
1110008P14Rik	896	91	3
1110008P14Rik	280	97	2
1110008P14Rik	294	595	2
1110008P14Rik	901	645	1
1110008P14Rik	223	521	1
1110008P14Rik	501	737	1
1110008P14Rik	784	918	4
1110008P14Rik	935	203	2
1110008P14Rik	525	441	1
1110008P14Rik	623	376	1
1110008P14Rik	201	816	3
1110008P14Rik	327	29	1
1110008P14Rik	53	495	1
1110008P14Rik	56	786	4
1110008P14Rik	378	812	1
1110008P14Rik	469	1191	2
1110008P14Rik	1058	1034	2
1110008P14Rik	879	120	3
1110008P14Rik	603	341	2
1110008P14Rik	434	288	1
1110008P14Rik	498	1132	1
1110008P14Rik	621	515	3
1110008P14Rik	1031	637	1
1110008P14Rik	181	897	3
1110008P14Rik	497	1142	1
1110008P14Rik	898	573	1
1110008P14Rik	40	236	1
1110008P14Rik	118	752	1
1110008P14Rik	253	370	2
1110008P14Rik	881	253	1
1110008P14Rik	594	974	4
1110008P14Rik	1007	551	1
1110008P14Rik	103	1144	1
1110008P14Rik	423	10	2
1110008P14Rik	287	257	1
1110008P14Rik	795	83	4
1110008P14Rik	404	1167	1
1110008P14Rik	558	860	1
1110008P14Rik	183	61	2
1110008P14Rik	177	571	1
1110008P14Rik	242	266	1
1110008P14Rik	220	924	1
1110008P14Rik	194	745	2
1110008P14Rik	276	140	1
1110008P14Rik	748	787	2
1110008P14Rik	164	624	1
1110008P14Rik	980	630	3
1110008P14Rik	612	581	4
1110008P14Rik	978	930	4
1110008P14Rik	514	338	1
1110008P14Rik	1090	1139	2
1110008P14Rik	765	326	1
1110008P14Rik	612	434	1
1110008P14Rik	1048	364	1
1110008P14Rik	82	948	1
1110008P14Rik	281	592	1
1110008P14Rik	732	534	2
1110008P14Rik	729	36	4
1110008P14Rik	1192	137	1
1110008P14Rik	371	620	1
1110008P14Rik	633	245	2
1110008P14Rik	472	208	3
1110008P14Rik	411	97	2
1110008P14Rik	252	1044	4
1110008P14Rik	201	157	3
1110008P14Rik	864	103	1
1110008P14Rik	693	478	2
1110008P14Rik	347	172	5
1110008P14Rik	776	664	2
1110008P14Rik	754	729	2
1110008P14Rik	691	696	4
1110008P14Rik	682	310	4
1110008P14Rik	651	594	2
1110008P14Rik	756	659	3
1110008P14Rik	459	619	1
1110008P14Rik	621	1133	1
1110008P14Rik	168	170	1
1110008P14Rik	982	699	3
1110008P14Rik	892	997	1
1110008P14Rik	473	862	3
1110008P14Rik	536	719	1
1110008P14Rik	819	431	2
1110008P14Rik	913	13	1
1110008P14Rik	28	1060	1
1110008P14Rik	138	1050	3
1110008P14Rik	403	781	1
1110008P14Rik	984	1023	3
1110008P14Rik	944	1054	1
1110008P14Rik	911	648	1
1110008P14Rik	766	207	1
1110008P14Rik	52	1154	4
1110008P14Rik	173	103	1
1110008P14Rik	34	913	1
1110008P14Rik	711	589	1
1110008P14Rik	970	325	1
1110008P14Rik	765	464	1
1110008P14Rik	70	640	1
1110008P14Rik	727	818	1
1110008P14Rik	628	1188	2
1110008P14Rik	938	229	2
1110008P14Rik	160	68	1
1110008P14Rik	927	411	2
1110008P14Rik	61	1091	2
1110008P14Rik	566	876	1
1110008P14Rik	758	793	1
1110008P14Rik	183	234	1
1110008P14Rik	876	204	1
1110008P14Rik	431	416	3
1110008P14Rik	536	477	1
1110008P14Rik	909	260	4
1110008P14Rik	1173	1110	1
1110008P14Rik	847	229	3
1110008P14Rik	622	7	1
1110008P14Rik	939	1066	3
1110008P14Rik	956	373	1
1110008P14Rik	692	812	2
1110008P14Rik	772	616	3
1110008P14Rik	694	11	1
1110008P14Rik	1147	745	1
1110008P14Rik	746	1020	1
1110008P14Rik	920	521	1
1110008P14Rik	495	553	2
1110008P14Rik	502	972	2
1110008P14Rik	1057	1057	1
1110008P14Rik	275	944	1
1110008P14Rik	885	85	1
1110008P14Rik	1049	617	1
1110008P14Rik	289	1121	1
1110008P14Rik	636	767	4
1110008P14Rik	118	1109	4
1110008P14Rik	1132	149	1
1110008P14Rik	988	342	1
1110008P14Rik	864	693	1
1110008P14Rik	384	428	1
1110008P14Rik	388	106	2
1110008P14Rik	33	841	1
1110008P14Rik	70	411	4
1110008P14Rik	457	742	1
1110008P14Rik	125	1106	2
1110008P14Rik	257	310	4
1110008P14Rik	166	968	1
1110008P14Rik	1059	1102	1
1110008P14Rik	88	1164	1
1110008P14Rik	947	500	1
1110008P14Rik	586	84	3
1110008P14Rik	184	285	2
1110008P14Rik	901	238	1
1110008P14Rik	577	585	2
1110008P14Rik	1080	517	4
1110008P14Rik	823	137	1
1110008P14Rik	312	742	2
1110008P14Rik	132	1073	2
1110008P14Rik	432	273	2
1110008P14Rik	1103	907	1
1110008P14Rik	518	120	4
1110008P14Rik	897	675	2
1110008P14Rik	989	858	1
1110008P14Rik	324	194	3
1110008P14Rik	533	1023	1
1110008P14Rik	950	655	1
1110008P14Rik	1067	646	1
1110008P14Rik	251	620	1
1110008P14Rik	588	130	3
1110008P14Rik	591	806	1
1110008P14Rik	267	893	1
1110008P14Rik	10	89	1
1110008P14Rik	943	967	1
1110008P14Rik	34	720	2
1110008P14Rik	0	1193	1
1110008P14Rik	1069	145	1
1110008P14Rik	219	754	1
1110012L19Rik	676	688	1
1110012L19Rik	437	959	1
1110012L19Rik	280	925	1
1110012L19Rik	1006	866	1
1110012L19Rik	1088	1028	1
1110012L19Rik	433	1163	4
1110012L19Rik	933	68	4
1110012L19Rik	123	398	1
1110012L19Rik	204	235	3
1110012L19Rik	826	357	1
1110012L19Rik	350	527	1
1110012L19Rik	755	611	3
1110012L19Rik	244	154	2
1110012L19Rik	920	354	2
1110012L19Rik	696	553	2
1110012L19Rik	612	1098	3
1110012L19Rik	512	282	1
1110012L19Rik	517	601	4
1110012L19Rik	781	712	4
1110012L19Rik	457	997	2
1110012L19Rik	266	699	1
1110017D15Rik	500	862	1
1110017D15Rik	39	976	3
1110017D15Rik	591	229	1
1110017D15Rik	965	827	1
1110017D15Rik	95	1032	1
1110017D15Rik	1020	161	2
1110017D15Rik	554	1044	1
1110017D15Rik	750	918	1
1110019D14Rik	140	915	2
1110019D14Rik	699	831	2
1110019D14Rik	871	640	1
1110019D14Rik	794	814	1
1110019D14Rik	873	457	1
1110019D14Rik	337	178	1
1110019D14Rik	697	300	1
1110019D14Rik	747	811	3
1110019D14Rik	906	629	1
1110019D14Rik	708	1115	1
1110019D14Rik	1077	753	1
1110019D14Rik	657	759	1
1110019D14Rik	820	623	3
1110020A21Rik	1118	551	1
1110020A21Rik	566	1139	1
1110020A21Rik	753	662	2
1110032A03Rik	287	959	1
1110032A03Rik	627	57	1
1110032A03Rik	138	622	1
1110032A03Rik	737	1168	3
1110032A03Rik	733	920	1
1110032A03Rik	310	197	1
1110032A03Rik	299	117	2
1110032A03Rik	640	361	1
1110032A03Rik	234	1063	1
1110032A03Rik	491	154	1
1110032A03Rik	609	1147	1
1110032A03Rik	1124	348	1
1110032A03Rik	281	705	1
1110032A03Rik	527	555	1
1110032A03Rik	970	543	3
1110032A03Rik	807	352	1
1110032A03Rik	780	427	1
1110032A03Rik	257	685	2
1110032A03Rik	781	479	2
1110032A03Rik	1116	203	3
1110032A03Rik	290	544	1
1110032A03Rik	516	563	1
1110032A03Rik	960	228	1
1110032A03Rik	683	96	1
1110032A03Rik	1075	1162	1
1110032A03Rik	482	467	2
1110032A03Rik	854	663	1
1110032A03Rik	286	644	2
1110032A03Rik	594	994	1
1110032A03Rik	677	549	3
1110032A03Rik	64	1182	1
1110032A03Rik	28	354	4
1110032A03Rik	787	194	1
1110032A03Rik	903	25	1
1110032A03Rik	3	745	1
1110032A03Rik	1192	1122	1
1110032A03Rik	624	473	1
1110032A03Rik	1134	324	1
1110032A03Rik	578	1075	1
1110032A03Rik	1171	1051	3
1110032A03Rik	598	344	1
1110032A03Rik	210	753	2
1110032A03Rik	607	459	1
1110032A03Rik	136	520	2
1110032A03Rik	333	542	1
1110032A03Rik	249	797	2
1110032A03Rik	626	646	1
1110032A03Rik	315	1115	1
1110032A03Rik	323	579	4
1110032A03Rik	823	539	1
1110032A03Rik	459	1151	1
1110032A03Rik	492	252	1
1110032A03Rik	806	625	1
1110032A03Rik	1082	872	1
1110032A03Rik	16	283	1
1110032A03Rik	831	1165	2
1110032A03Rik	296	629	3
1110032A03Rik	846	456	2
1110032A03Rik	107	838	2
1110032A03Rik	424	700	1
1110032A03Rik	267	50	1
1110032A03Rik	533	621	1
1110032A03Rik	107	701	1
1110032A03Rik	1058	261	2
1110032A03Rik	393	1089	3
1110032A03Rik	712	106	2
1110032A03Rik	467	639	2
1110032A03Rik	334	1049	3
1110032A03Rik	151	787	3
1110032A03Rik	121	1178	2
1110032A03Rik	498	602	1
1110032A03Rik	489	379	4
1110032A03Rik	377	375	1
1110032A03Rik	1059	1076	1
1110032A03Rik	174	188	1
1110032A03Rik	527	1173	1
1110032A03Rik	67	1180	2
1110032A03Rik	568	84	1
1110032A03Rik	546	796	1
1110032A03Rik	150	720	1
1110032A03Rik	744	620	2
1110032A03Rik	591	969	2
1110032A03Rik	842	258	3
1110032A03Rik	586	43	4
1110032A03Rik	713	976	1
1110032A03Rik	701	640	2
1110032A03Rik	775	360	1
1110032A03Rik	568	981	1
1110032F04Rik	1103	1179	2
1110032F04Rik	1049	78	1
1110032F04Rik	1194	958	1
1110032F04Rik	572	465	2
1110032F04Rik	721	87	2
1110032F04Rik	766	687	1
1110032F04Rik	553	1115	2
1110032F04Rik	736	321	1
1110032F04Rik	1112	729	1
1110032F04Rik	295	403	4
1110032F04Rik	68	711	1
1110032F04Rik	524	377	1
1110032F04Rik	1160	738	1
1110032F04Rik	222	142	1
1110032F04Rik	1002	357	4
1110032F04Rik	797	386	1
1110032F04Rik	888	231	1
1110034G24Rik	148	504	1
1110034G24Rik	424	1175	1
1110034G24Rik	556	543	4
1110034G24Rik	511	397	3
1110034G24Rik	863	304	1
1110034G24Rik	514	454	1
1110034G24Rik	728	110	1
1110034G24Rik	214	756	3
1110034G24Rik	752	547	1
1110034G24Rik	949	440	2
1110034G24Rik	720	1123	1
1110034G24Rik	745	603	1
1110034G24Rik	842	1196	2
1110034G24Rik	751	253	10
1110034G24Rik	171	897	2
1110034G24Rik	181	648	2
1110038F14Rik	400	142	2
1110038F14Rik	662	717	2
1110038F14Rik	1063	409	1
1110038F14Rik	500	629	1
1110038F14Rik	994	68	2
1110038F14Rik	666	702	1
1110038F14Rik	750	608	1
1110038F14Rik	593	1009	2
1110038F14Rik	768	475	2
1110038F14Rik	133	216	1
1110038F14Rik	1091	344	2
1110038F14Rik	592	527	1
1110038F14Rik	913	157	1
1110038F14Rik	49	580	1
1110038F14Rik	632	750	7
1110038F14Rik	661	768	1
1110038F14Rik	84	1123	1
1110038F14Rik	1007	1011	4
1110038F14Rik	747	431	3
1110038F14Rik	1010	1156	2
1110038F14Rik	574	775	1
1110038F14Rik	337	361	1
1110038F14Rik	575	495	2
1110038F14Rik	44	301	3
1110038F14Rik	698	219	2
1110038F14Rik	254	111	1
1110038F14Rik	355	400	1
1110038F14Rik	242	1056	1
1110038F14Rik	497	329	1
1110038F14Rik	1049	1082	2
1110038F14Rik	393	961	1
1110038F14Rik	144	686	1
1110038F14Rik	813	589	1
1110038F14Rik	49	98	7
1110038F14Rik	732	659	3
1110038F14Rik	274	583	2
1110038F14Rik	810	303	2
1110038F14Rik	182	44	1
1110038F14Rik	529	1149	1
1110038F14Rik	41	828	1
1110038F14Rik	233	668	2
1110038F14Rik	944	240	1
1110038F14Rik	317	974	2
1110038F14Rik	642	1072	2
1110038F14Rik	760	536	3
1110038F14Rik	917	361	1
1110038F14Rik	370	968	1
1110038F14Rik	273	652	2
1110046J04Rik	1022	387	2
1110046J04Rik	744	669	2
1110046J04Rik	587	703	4
1110051M20Rik	738	527	1
1110051M20Rik	192	290	4
1110051M20Rik	971	458	1
1110051M20Rik	751	1193	1
1110051M20Rik	838	575	1
1110051M20Rik	840	212	1
1110051M20Rik	571	43	2
1110051M20Rik	935	722	2
1110051M20Rik	831	771	2
1110051M20Rik	79	955	2
1110051M20Rik	868	1066	1
1110051M20Rik	155	740	1
1110051M20Rik	292	701	8
1110051M20Rik	875	177	3
1110051M20Rik	157	789	1
1110051M20Rik	72	473	1
1110051M20Rik	566	1168	1
1110051M20Rik	723	394	1
1110051M20Rik	262	523	2
1110051M20Rik	375	568	1
1110051M20Rik	156	1119	1
1110051M20Rik	896	318	2
1110051M20Rik	783	100	2
1110051M20Rik	897	318	1
1110051M20Rik	873	64	2
1110051M20Rik	320	130	1
1110051M20Rik	473	848	1
1110051M20Rik	1028	504	1
1110051M20Rik	189	629	2
1110051M20Rik	1	667	1
1110051M20Rik	1042	384	3
1110051M20Rik	845	1155	1
1110051M20Rik	165	32	1
1110051M20Rik	627	1026	1
1110051M20Rik	603	969	4
1110051M20Rik	372	101	2
1110051M20Rik	189	18	1
1110051M20Rik	384	1123	3
1110051M20Rik	897	324	3
1110051M20Rik	590	586	1
1110051M20Rik	622	1166	1
1110051M20Rik	337	496	2
1110051M20Rik	1179	307	2
1110051M20Rik	15	906	2
1110051M20Rik	1119	106	4
1110051M20Rik	138	1097	1
1110051M20Rik	36	114	1
1110051M20Rik	922	1	3
1110051M20Rik	1168	708	4
1110051M20Rik	134	989	3
1110051M20Rik	879	440	2
1110051M20Rik	211	511	1
1110051M20Rik	1188	362	1
1110051M20Rik	214	546	2
1110051M20Rik	27	1007	4
1110051M20Rik	786	615	2
1110051M20Rik	448	1109	4
1110051M20Rik	560	1145	2
1110051M20Rik	538	369	1
1110051M20Rik	635	824	1
1110051M20Rik	133	371	1
1110051M20Rik	829	408	4
1110051M20Rik	1025	848	3
1110051M20Rik	211	762	2
1110051M20Rik	988	437	2
1110051M20Rik	87	693	2
1110051M20Rik	1140	445	2
1110051M20Rik	1127	1067	1
1110051M20Rik	581	922	1
1110051M20Rik	1134	617	1
1110051M20Rik	683	599	3
1110051M20Rik	635	878	3
1110051M20Rik	392	695	4
1110051M20Rik	188	1059	1
1110051M20Rik	728	616	3
1110051M20Rik	282	392	2
1110051M20Rik	251	128	3
1110051M20Rik	403	423	4
1110051M20Rik	338	1005	3
1110051M20Rik	348	51	1
1110051M20Rik	25	1038	1
1110051M20Rik	655	907	3
1110051M20Rik	149	38	1
1110051M20Rik	919	1179	1
1110051M20Rik	738	1098	1
1110051M20Rik	846	916	3
1110051M20Rik	495	1184	2
1110051M20Rik	1117	82	2
1110051M20Rik	231	194	2
1110051M20Rik	376	1084	4
1110051M20Rik	158	355	3
1110051M20Rik	250	340	2
1110051M20Rik	759	841	1
1110051M20Rik	873	156	3
1110051M20Rik	165	641	2
1110051M20Rik	91	562	1
1110051M20Rik	430	1197	1
1110051M20Rik	855	1183	1
1110051M20Rik	703	501	2
1110051M20Rik	261	702	2
1110051M20Rik	1152	432	1
1110051M20Rik	164	366	1
1110051M20Rik	745	361	2
1110051M20Rik	754	729	1
1110051M20Rik	355	403	2
1110051M20Rik	77	183	1
1110051M20Rik	254	515	1
1110051M20Rik	572	730	1
1110051M20Rik	762	49	1
1110051M20Rik	198	894	1
1110051M20Rik	743	174	1
1110051M20Rik	925	811	1
1110051M20Rik	59	145	4
1110051M20Rik	368	612	1
1110051M20Rik	177	1191	4
1110051M20Rik	911	141	4
1110051M20Rik	639	625	1
1110051M20Rik	619	82	1
1110051M20Rik	387	1080	2
1110051M20Rik	487	631	1
1110051M20Rik	252	663	2
1110051M20Rik	920	679	1
1110051M20Rik	696	997	2
1110051M20Rik	736	608	2
1110051M20Rik	335	684	1
1110051M20Rik	327	40	1
1110051M20Rik	469	1097	3
1110051M20Rik	58	1165	3
1110051M20Rik	528	1057	1
1110051M20Rik	486	630	4
1110051M20Rik	50	599	2
1110051M20Rik	843	325	3
1110051M20Rik	929	107	1
1110051M20Rik	873	857	4
1110051M20Rik	474	1074	2
1110051M20Rik	296	356	1
1110051M20Rik	733	765	3
1110051M20Rik	1051	132	2
1110051M20Rik	828	449	4
1110051M20Rik	394	16	1
1110051M20Rik	1082	1014	4
1110051M20Rik	1090	623	5
1110051M20Rik	151	767	1
1110051M20Rik	139	1049	1
1110051M20Rik	78	1187	1
1110051M20Rik	118	1132	1
1110051M20Rik	1037	101	1
1110051M20Rik	755	519	3
1110051M20Rik	935	721	1
1110051M20Rik	96	1032	1
1110051M20Rik	623	160	2
1110051M20Rik	766	533	4
1110051M20Rik	666	1099	3
1110051M20Rik	196	861	2
1110051M20Rik	52	851	3
1110051M20Rik	302	735	1
1110051M20Rik	706	489	1
1110051M20Rik	7	476	1
1110051M20Rik	489	953	1
1110051M20Rik	122	870	1
1110051M20Rik	573	1021	1
1110051M20Rik	707	185	1
1110051M20Rik	317	521	4
1110051M20Rik	747	438	4
1110051M20Rik	167	729	1
1110051M20Rik	465	601	3
1110051M20Rik	915	979	3
1110051M20Rik	279	721	3
1110051M20Rik	132	459	1
1110051M20Rik	156	1118	3
1110051M20Rik	890	757	2
1110051M20Rik	1054	1172	2
1110051M20Rik	522	1124	2
1110051M20Rik	893	1166	1
1110051M20Rik	1022	446	2
1110051M20Rik	955	549	1
1110051M20Rik	249	750	1
1110051M20Rik	840	284	1
1110059E24Rik	19	844	2
1110059E24Rik	7	1129	1
1110059E24Rik	751	1133	2
1110059E24Rik	213	517	1
1110059E24Rik	685	758	4
1110059E24Rik	1151	862	1
1110059E24Rik	516	1145	3
1110059E24Rik	665	833	3
1110059E24Rik	13	894	1
1110059E24Rik	428	894	1
1110059E24Rik	752	561	1
1110059E24Rik	198	949	3
1110059E24Rik	637	587	2
1110059E24Rik	189	987	3
1110059E24Rik	159	749	4
1110059E24Rik	132	783	4
1110059E24Rik	637	166	1
1110059E24Rik	986	1127	2
1110059E24Rik	81	1027	1
1110059E24Rik	876	319	4
1110059E24Rik	757	660	2
1110059E24Rik	680	793	1
1110059E24Rik	647	744	3
1110059E24Rik	970	71	1
1110059E24Rik	989	172	1
1110059E24Rik	794	468	1
1110059E24Rik	641	709	1
1110059E24Rik	468	948	2
1110059E24Rik	139	1146	1
1110059E24Rik	1112	276	1
1110059E24Rik	20	784	2
1110059E24Rik	858	208	1
1110059E24Rik	950	899	3
1110059E24Rik	314	485	3
1110059E24Rik	275	544	1
1110059E24Rik	241	374	2
1110059E24Rik	238	39	1
1110059E24Rik	256	581	2
1110059E24Rik	305	921	1
1110059E24Rik	721	723	3
1110059E24Rik	392	1096	2
1110059E24Rik	583	1047	1
1110059E24Rik	402	394	4
1110059E24Rik	219	654	3
1110059E24Rik	318	22	1
1110059E24Rik	221	601	2
1110059E24Rik	538	645	1
1110059E24Rik	463	1104	3
1110059E24Rik	453	915	1
1110059E24Rik	1118	1148	2
1110059E24Rik	564	837	2
1110059E24Rik	1018	766	2
1110059E24Rik	144	816	1
1110059E24Rik	533	915	1
1110059E24Rik	895	103	3
1110059E24Rik	280	576	1
1110059E24Rik	102	943	1
1110059E24Rik	773	708	3
1110059G10Rik	794	799	1
1110059G10Rik	541	686	1
1110059G10Rik	850	1107	3
1110059G10Rik	250	434	1
1110059G10Rik	620	980	2
1110059G10Rik	263	804	1
1110059G10Rik	910	428	2
1110059G10Rik	299	115	3
1110059G10Rik	642	310	1
1110059G10Rik	418	1162	1
1110059G10Rik	1058	738	1
1110059G10Rik	845	356	1
1110059G10Rik	1185	324	1
1110059G10Rik	187	1168	1
1110059G10Rik	328	1180	1
1110059G10Rik	265	197	1
1110059G10Rik	307	1	3
1110059G10Rik	728	390	1
1110059G10Rik	1033	1008	1
1110059G10Rik	599	1030	2
1110059G10Rik	466	461	1
1110059G10Rik	246	595	1
1110059G10Rik	478	39	1
1110059G10Rik	1127	285	4
1110059G10Rik	672	778	2
1110059G10Rik	861	51	3
1110059G10Rik	813	428	1
1110059G10Rik	743	49	1
1110059G10Rik	374	252	1
1110059G10Rik	1136	530	1
1110059G10Rik	752	648	1
1110059G10Rik	813	526	1
1110059G10Rik	125	443	1
1110059G10Rik	576	544	1
1110059G10Rik	363	410	1
1110059G10Rik	683	746	1
1110059G10Rik	1165	453	3
1110059G10Rik	374	191	1
1110059G10Rik	571	575	1
1110059G10Rik	792	353	2
1110059G10Rik	773	610	1
1110059G10Rik	396	1164	1
1110059G10Rik	368	66	2
1110059G10Rik	128	490	2
1110059G10Rik	860	37	2
1110059G10Rik	162	945	1
1110059G10Rik	786	745	3
1110059G10Rik	341	120	3
1110059G10Rik	898	242	2
1110059G10Rik	729	418	2
1110059G10Rik	270	248	2
1110059G10Rik	764	530	1
1110059G10Rik	886	243	4
1110059G10Rik	761	71	2
1110059G10Rik	102	986	1
1110059G10Rik	409	716	4
1110059G10Rik	371	900	2
1110059G10Rik	1185	723	1
1110059G10Rik	454	132	3
1110059G10Rik	300	295	2
1110059G10Rik	208	518	2
1110059G10Rik	442	668	1
1110059G10Rik	540	1052	1
1110059G10Rik	293	10	1
1110059G10Rik	340	108	1
1110059G10Rik	796	761	2
1110059G10Rik	426	78	1
1110059G10Rik	485	34	2
1110059G10Rik	807	638	1
1110059G10Rik	227	780	4
1110059G10Rik	606	788	4
1110059G10Rik	520	133	3
1110059G10Rik	554	507	1
1110059G10Rik	749	144	3
1110059G10Rik	193	707	4
1110059G10Rik	535	1076	1
1110059G10Rik	686	759	2
1110059G10Rik	422	628	4
1110059G10Rik	262	708	2
1110065P20Rik	459	525	1
1110065P20Rik	203	534	1
1110065P20Rik	379	1160	1
1110065P20Rik	351	161	1
1110065P20Rik	1139	1016	1
1110065P20Rik	786	534	1
1110065P20Rik	295	803	1
1110065P20Rik	396	321	1
1110065P20Rik	188	804	2
1110065P20Rik	695	977	2
1110065P20Rik	642	1047	1
1110065P20Rik	1127	542	1
1110065P20Rik	595	757	1
1110065P20Rik	936	254	1
1110065P20Rik	355	900	1
1110065P20Rik	712	656	4
1110065P20Rik	720	761	2
1110065P20Rik	410	1060	1
1110065P20Rik	336	933	1
1110065P20Rik	254	445	1
1110065P20Rik	628	701	1
1110065P20Rik	230	556	1
1110065P20Rik	845	928	1
1110065P20Rik	778	366	1
1110065P20Rik	1094	264	1
1110065P20Rik	191	525	1
1110065P20Rik	208	589	2
1110065P20Rik	933	363	2
1110065P20Rik	670	663	1
1110065P20Rik	65	593	1
1110065P20Rik	1063	513	3
1110065P20Rik	437	924	2
1110065P20Rik	147	430	1
1110065P20Rik	457	243	1
1110065P20Rik	42	1137	1
1110065P20Rik	153	384	1
1110065P20Rik	582	1043	4
1110065P20Rik	694	442	1
1110065P20Rik	1094	753	1
1110065P20Rik	866	547	3
1110065P20Rik	672	992	1
1110065P20Rik	922	262	1
1110065P20Rik	333	843	1
1110065P20Rik	750	749	1
1110065P20Rik	468	422	1
1110065P20Rik	492	808	4
1110065P20Rik	666	498	1
1110065P20Rik	647	507	1
